{
  "schema": "anima/v_phen_gwt_v3_distance/1",
  "purpose": "P1 paradigm: V_phen_GWT_v3 metric (attention distance entropy) prompt-length-invariance test",
  "backbone": "mistralai/Mistral-7B-v0.3",
  "prompts_tested": [
    "short_default_47",
    "long_c2_dialogue_215",
    "very_long_synthesized_400"
  ],
  "results_per_prompt": {
    "short_default_47": {
      "prompt_first50": "The quick brown fox jumps over the lazy dog. The c",
      "seq_len": 32,
      "v2_metric_attention_entropy_normalized": 0.23397080044378527,
      "v3_distance_mean_avg": 12.573655024009238,
      "v3_distance_mean_normalized_by_seq": 0.3929267195002887,
      "v3_distance_entropy": 0.9509106779610574,
      "v3_sparsity_diffusion": 0.21680613607168198
    },
    "long_c2_dialogue_215": {
      "prompt_first50": "Three philosophers debate the substrate of conscio",
      "seq_len": 87,
      "v2_metric_attention_entropy_normalized": 0.3374270063577569,
      "v3_distance_mean_avg": 30.559569875224028,
      "v3_distance_mean_normalized_by_seq": 0.35125942385314973,
      "v3_distance_entropy": 0.9596306471580924,
      "v3_sparsity_diffusion": 0.449674265095382
    },
    "very_long_synthesized_400": {
      "prompt_first50": "Three philosophers debate the substrate of conscio",
      "seq_len": 161,
      "v2_metric_attention_entropy_normalized": 0.2796638674042242,
      "v3_distance_mean_avg": 58.22669512960299,
      "v3_distance_mean_normalized_by_seq": 0.3616564914882173,
      "v3_distance_entropy": 0.9507209997516615,
      "v3_sparsity_diffusion": 0.32237542900111293
    }
  },
  "range_compression_analysis": {
    "v2_metric_range": 0.10345620591397164,
    "v3_distance_normalized_range": 0.04166729564713895,
    "v3_entropy_range": 0.008909647406430965,
    "v3_sparsity_range": 0.23286812902370002,
    "v2_v3_compression_ratio_distance": 2.4829114610675576,
    "v2_v3_compression_ratio_entropy": 11.611705962606013,
    "v2_v3_compression_ratio_sparsity": 0.4442694942743429
  },
  "elapsed_sec": 18.7,
  "ts": "2026-04-26T03:54:08Z"
}