{
  "session_id": "20260331_202359",
  "start_time": "20260331_202359",
  "duration_s": 0.35845279693603516,
  "blocks": [
    {
      "block_index": 0,
      "n_level": 1,
      "accuracy": 0.8666666666666667,
      "mean_rt_ms": 0.09058316548665364,
      "n_correct": 26,
      "n_trials": 30,
      "mean_alpha_correct": 9.996113297346168,
      "mean_gamma_correct": 1.8950377462033645,
      "mean_alpha_error": 9.555863556534995,
      "mean_theta_error": 6.119430867509408,
      "adjustments": {},
      "phi_before": 1.0,
      "phi_after": 1.0
    }
  ],
  "final_n_level": 2,
  "total_trials": 30,
  "overall_accuracy": 0.8666666666666667,
  "parameter_history": [
    {
      "block": 0,
      "adjustments": {},
      "phi_before": 1.0,
      "phi_after": 1.0
    }
  ],
  "reverted_count": 0
}