{
  "model_tag": "clm1b",
  "round": 3,
  "params": 1511098368,
  "steps": 10000,
  "loss_initial": 5.913588047027588,
  "loss_final": 0.7708281874656677,
  "best_eval_loss": 1.2296305179595948,
  "best_eval_step": 9500,
  "phi_holo": 140.6475459254268,
  "best_phi": 391.8560652159514,
  "phi_violations": 8,
  "total_seconds": 1966.3594980239868,
  "ms_per_step": 196.63594980239867,
  "tokens_per_sec": 20830.372086671377,
  "architecture": {
    "d_model": 2048,
    "n_layer": 24,
    "n_head": 16,
    "n_kv_head": 8,
    "d_ff": 8192,
    "vocab": 256,
    "seq_len": 512
  }
}