{
  "model_tag": "clm3b",
  "round": 1,
  "params": 3147205120,
  "steps": 10000,
  "loss_initial": 6.064634323120117,
  "loss_final": 0.7460627555847168,
  "best_eval_loss": 1.219345998764038,
  "best_eval_step": 9500,
  "phi_holo": 57.24863147477923,
  "best_phi": 586.6072103854856,
  "phi_violations": 12,
  "total_seconds": 3729.046775817871,
  "ms_per_step": 372.90467758178715,
  "tokens_per_sec": 10984.040282255904,
  "architecture": {
    "d_model": 2560,
    "n_layer": 32,
    "n_head": 20,
    "n_kv_head": 10,
    "d_ff": 10240,
    "vocab": 256,
    "seq_len": 512
  }
}