{
  "schema_version": "1",
  "slug": "cpgd-mcb-4bb-hidden-state-v1",
  "title": "CPGD-MCB 4-backbone × 3-rank hidden state matrix bundle",
  "created": "2026-04-26",
  "k_prompts": 16,
  "ranks": [
    4,
    8,
    16
  ],
  "seed": 20260426,
  "prompts": [
    "The square of two is",
    "Photosynthesis converts sunlight into",
    "In Korean grammar, the topic marker is",
    "A binary tree node has at most",
    "The Pythagorean theorem states that",
    "Anima is a deterministic verification system that",
    "The capital of France is",
    "Water boils at one hundred degrees",
    "Newton's first law of motion describes",
    "DNA stands for deoxyribonucleic",
    "The speed of light in vacuum equals",
    "A prime number is divisible by",
    "Shakespeare wrote a play called",
    "The Great Wall of China is in",
    "An adjective modifies a",
    "The sum of angles in a triangle is"
  ],
  "backbones": [
    {
      "alias": "gpt2",
      "model_id": "gpt2",
      "layer_index": -1,
      "dim_full": 768,
      "k": 16,
      "matrix_full_cond": 29470.00150454225,
      "matrix_full_frobenius": 988.1344020732624,
      "elapsed_seconds": 4.308747053146362,
      "cells": {
        "4": {
          "rank": 4,
          "k": 16,
          "matrix_flat": [
            -267.6317668922005,
            0.41955141497546394,
            -6.413339620302894,
            4.970690377267009,
            -261.4865382295075,
            -4.26026262435059,
            -3.187720366134157,
            -21.263089789339638,
            -275.434265433058,
            -4.838126605440798,
            -3.0603046549929647,
            1.5364936354062546,
            -302.985380608171,
            16.968534318767727,
            15.500189198758932,
            8.22935295751723,
            -235.3345462413492,
            18.50289503163343,
            -8.644065025074338,
            -13.034967305614918,
            -279.0794379514493,
            25.485991334337168,
            14.806914025929807,
            -2.571185694785035,
            -254.47237926038414,
            11.762616754354665,
            -5.029807245255184,
            0.8123555547489296,
            -199.06842371193653,
            -17.348036416375038,
            4.831827409896393,
            5.94079682931417,
            -202.40209517423472,
            16.021446655806873,
            -15.803201876935287,
            -7.62468942762468,
            -173.55455307084395,
            -25.089488907986546,
            2.9531117549947155,
            -15.971397252094889,
            -184.75408434445637,
            -1.7256549370619592,
            -20.15112137156128,
            2.9019408381899257,
            -290.2311808283226,
            -9.11586743826835,
            2.4349537989603327,
            12.777380042469455,
            -178.43825674267163,
            -7.825310682445096,
            8.37123006755621,
            17.309300170134986,
            -212.6329014584354,
            -13.621763147191464,
            -26.662288204673676,
            9.991380321862096,
            -260.9261687852308,
            -20.112316074327953,
            16.939084999499677,
            -14.683467718602193,
            -293.10491569699667,
            -0.671999870662895,
            8.101621664274676,
            8.180355027514665
          ],
          "matrix_sha256": "b5caefc0918557364e9503e2fb047d4d25ace60cbb380023d9cab648c9f23177",
          "matrix_cond": 2.5766102321852534e+18,
          "matrix_frobenius": 986.7009665312978
        },
        "8": {
          "rank": 8,
          "k": 16,
          "matrix_flat": [
            -267.6317668922005,
            0.41955141497546394,
            -6.413339620302894,
            4.970690377267009,
            -2.491244903685077,
            1.5214557113557192,
            -4.4107379263745266,
            3.5940162205692916,
            -261.4865382295075,
            -4.26026262435059,
            -3.187720366134157,
            -21.263089789339638,
            -2.3297893528463356,
            -8.916430157996519,
            10.574814063010216,
            1.8254983873520632,
            -275.434265433058,
            -4.838126605440798,
            -3.0603046549929647,
            1.5364936354062546,
            -0.9042231357368665,
            -0.8029053593833708,
            -5.444294265769584,
            -0.8557572571376285,
            -302.985380608171,
            16.968534318767727,
            15.500189198758932,
            8.22935295751723,
            9.937852150527924,
            1.644116138916552,
            2.491350631540944,
            -0.40887303974763517,
            -235.3345462413492,
            18.50289503163343,
            -8.644065025074338,
            -13.034967305614918,
            7.05662089500057,
            0.704758397115975,
            -0.9710659355023431,
            -2.7293035325028443,
            -279.0794379514493,
            25.485991334337168,
            14.806914025929807,
            -2.571185694785035,
            -4.762010853978258,
            3.8731440261450953,
            1.468437442340967,
            0.4282395578328155,
            -254.47237926038414,
            11.762616754354665,
            -5.029807245255184,
            0.8123555547489296,
            -13.598360196593692,
            1.3923750847102756,
            -3.519893810701802,
            -0.29440613729205317,
            -199.06842371193653,
            -17.348036416375038,
            4.831827409896393,
            5.94079682931417,
            -5.291534340168856,
            1.1218481832001541,
            1.5426509844755676,
            13.1916226948324,
            -202.40209517423472,
            16.021446655806873,
            -15.803201876935287,
            -7.62468942762468,
            -5.4378906167224015,
            2.0683106793788495,
            -0.40976492042468016,
            0.4712928232419208,
            -173.55455307084395,
            -25.089488907986546,
            2.9531117549947155,
            -15.971397252094889,
            2.7088625117361818,
            15.120973184269364,
            2.802645199582814,
            -2.212891489114678,
            -184.75408434445637,
            -1.7256549370619592,
            -20.15112137156128,
            2.9019408381899257,
            9.794289382323276,
            -2.848077025674845,
            1.5996055095768553,
            2.713473712971107,
            -290.2311808283226,
            -9.11586743826835,
            2.4349537989603327,
            12.777380042469455,
            9.27346993322646,
            -1.4889534391644494,
            1.0816276295582008,
            -2.241674094612496,
            -178.43825674267163,
            -7.825310682445096,
            8.37123006755621,
            17.309300170134986,
            -10.36599349549366,
            -1.236865885055882,
            7.711695438115783,
            -7.582335277241668,
            -212.6329014584354,
            -13.621763147191464,
            -26.662288204673676,
            9.991380321862096,
            -2.158216859853388,
            0.723913767762368,
            -0.20615811628916403,
            -4.63356911601778,
            -260.9261687852308,
            -20.112316074327953,
            16.939084999499677,
            -14.683467718602193,
            -1.3156660405322527,
            -7.370446529502823,
            -8.592103158780114,
            -4.044717886553061,
            -293.10491569699667,
            -0.671999870662895,
            8.101621664274676,
            8.180355027514665,
            5.0407937034533665,
            -0.9271909804878328,
            -1.828456033420178,
            2.4686938071243363
          ],
          "matrix_sha256": "af65a90194e962054ce9f95be570a0268d0bf1d4ab1993564953b531d24c3254",
          "matrix_cond": 6.344590257970498e+16,
          "matrix_frobenius": 987.6178771742234
        },
        "16": {
          "rank": 16,