{
  "schema": "anima/cmt/3",
  "backbone": "meta-llama/Llama-3.1-8B",
  "mode": "v3",
  "quantization": "fp16",
  "raw_10_caveat": null,
  "hook_kind": "passthrough",
  "n_probes": 16,
  "n_layers": 32,
  "layer_stride": 4,
  "hidden_truncated": 128,
  "h_dim": 4096,
  "h_sqrt": 64.0,
  "ablate_target": "mlp",
  "families": [
    "Hexad",
    "Law",
    "Phi",
    "SelfRef"
  ],
  "tomography": {
    "0": {
      "Hexad": {
        "abs": 0.010115,
        "rel": 0.021397,
        "norm_dy": 1.63385506
      },
      "Law": {
        "abs": 0.008615,
        "rel": 0.01759,
        "norm_dy": 1.63385506
      },
      "Phi": {
        "abs": 0.008171,
        "rel": 0.014121,
        "norm_dy": 1.63385506
      },
      "SelfRef": {
        "abs": 0.007911,
        "rel": 0.015729,
        "norm_dy": 1.63385506
      }
    },
    "4": {
      "Hexad": {
        "abs": 0.029864,
        "rel": 0.009219,
        "norm_dy": 0.82954841
      },
      "Law": {
        "abs": 0.02711,
        "rel": 0.008689,
        "norm_dy": 0.82954841
      },
      "Phi": {
        "abs": 0.033114,
        "rel": 0.01011,
        "norm_dy": 0.82954841
      },
      "SelfRef": {
        "abs": 0.053435,
        "rel": 0.016499,
        "norm_dy": 0.82954841
      }
    },
    "8": {
      "Hexad": {
        "abs": 0.042957,
        "rel": 0.00718,
        "norm_dy": 0.6053951
      },
      "Law": {
        "abs": 0.04193,
        "rel": 0.006872,
        "norm_dy": 0.6053951
      },
      "Phi": {
        "abs": 0.043495,
        "rel": 0.007246,
        "norm_dy": 0.6053951
      },
      "SelfRef": {
        "abs": 0.033468,
        "rel": 0.005654,
        "norm_dy": 0.6053951
      }
    },
    "12": {
      "Hexad": {
        "abs": 0.076102,
        "rel": 0.010606,
        "norm_dy": 0.6014187
      },
      "Law": {
        "abs": 0.045933,
        "rel": 0.006425,
        "norm_dy": 0.6014187
      },
      "Phi": {
        "abs": 0.043207,
        "rel": 0.005948,
        "norm_dy": 0.6014187
      },
      "SelfRef": {
        "abs": 0.03887,
        "rel": 0.005454,
        "norm_dy": 0.6014187
      }
    },
    "16": {
      "Hexad": {
        "abs": 0.043436,
        "rel": 0.003972,
        "norm_dy": 0.53089684
      },
      "Law": {
        "abs": 0.07434,
        "rel": 0.007088,
        "norm_dy": 0.53089684
      },
      "Phi": {
        "abs": 0.056797,
        "rel": 0.005176,
        "norm_dy": 0.53089684
      },
      "SelfRef": {
        "abs": 0.054124,
        "rel": 0.005132,
        "norm_dy": 0.53089684
      }
    },
    "20": {
      "Hexad": {
        "abs": 0.078432,
        "rel": 0.004496,
        "norm_dy": 0.35378856
      },
      "Law": {
        "abs": 0.088397,
        "rel": 0.005112,
        "norm_dy": 0.35378856
      },
      "Phi": {
        "abs": 0.054541,
        "rel": 0.003109,
        "norm_dy": 0.35378856
      },
      "SelfRef": {
        "abs": 0.088926,
        "rel": 0.005016,
        "norm_dy": 0.35378856
      }
    },
    "24": {
      "Hexad": {
        "abs": 0.087493,
        "rel": 0.003253,
        "norm_dy": 0.25698118
      },
      "Law": {
        "abs": 0.124029,
        "rel": 0.004653,
        "norm_dy": 0.25698118
      },
      "Phi": {
        "abs": 0.072407,
        "rel": 0.002639,
        "norm_dy": 0.25698118
      },
      "SelfRef": {
        "abs": 0.109319,
        "rel": 0.003857,
        "norm_dy": 0.25698118
      }
    },
    "28": {
      "Hexad": {
        "abs": 0.17191,
        "rel": 0.004774,
        "norm_dy": 0.25027985
      },
      "Law": {
        "abs": 0.169295,
        "rel": 0.004287,
        "norm_dy": 0.25027985
      },
      "Phi": {
        "abs": 0.075227,
        "rel": 0.001965,
        "norm_dy": 0.25027985
      },
      "SelfRef": {
        "abs": 0.163543,
        "rel": 0.004165,
        "norm_dy": 0.25027985
      }
    }
  },
  "diagnostics": {
    "rel_std": 0.004698,
    "rel_mean": 0.00742,
    "saturation_frac": 0.0,
    "informative": false
  },
  "ts": "2026-04-27T14:28:04Z"
}