{
  "schema": "anima/alm_decode_hook_w_steer/1",
  "tag": "r6",
  "objective_pre_registered": {
    "kind": "ridge_regression_one_hot_template_index",
    "closed_form": "W^T = (X^T X + lambda I)^{-1} X^T Y",
    "X_dim": 16,
    "Y_dim_K": 16,
    "lambda": 0.1,
    "rng_seed": 42,
    "pass_threshold_held_out_top1": 0.125,
    "chance_baseline": 0.0625,
    "eval": "5-fold CV by template_idx mod 5 (held-out templates unseen)"
  },
  "data": {
    "n_total": 64,
    "phi_dims": 16,
    "K_classes": 16,
    "paths": [
      "p1",
      "p2",
      "p3",
      "p4"
    ],
    "sources": {
      "h_last": [
        "state/h_last_raw_p1_TRAINED_r6.json",
        "state/h_last_raw_p2_TRAINED_r6.json",
        "state/h_last_raw_p3_TRAINED_r6.json",
        "state/h_last_raw_p4_TRAINED_r6.json"
      ],
      "phi": "state/phi_4path_cross_result_v3_TRAINED_r6.json"
    }
  },
  "full_fit": {
    "cond": 4132.4249496736975,
    "train_metrics": {
      "top1": 0.078125,
      "top3": 0.234375,
      "ce": 2.766062116171979,
      "n": 64
    },
    "train_metrics_null_baseline": {
      "top1": 0.046875,
      "top3": 0.171875,
      "ce": 2.880058692368846,
      "n": 64
    },
    "W_steer_K_by_phi_dims": [
      [
        0.040150226992095105,
        -0.14987378669952867,
        -0.010536723947406165,
        -0.010710780424871242,
        -0.022826302503698347,
        -0.01646034469855352,
        -0.017944618915157622,
        -0.013458958620856214,
        -0.013692142009394231,
        -0.010731948879882753,
        -0.00408357252485168,
        -0.003559408425241016,
        -0.0027075309518436205,
        3.170901981848948e-05,
        -0.0014146915569447195,
        0.0003657983540038502
      ],
      [
        0.10974440423868999,
        -0.8521364885526722,
        0.09713434349189284,
        0.0913785504149822,
        0.09677808318648433,
        0.09707809864837964,
        0.08085283824161016,
        0.0767264019959529,
        0.06723355490478018,
        0.06382645463333272,
        0.060036848646496194,
        0.053121760673578655,
        0.053682456846364794,
        0.04655168256147654,
        0.03752342201744244,
        0.03243783686867084
      ],
      [
        0.030578711637233396,
        -0.2298297119820401,
        0.09549044691366343,
        0.09116139972509439,
        0.10930156581518799,
        0.0965974117933071,
        0.09032299245968006,
        0.07649791093053568,
        0.07001251879032193,
        0.06152463263952472,
        0.04603089245130641,
        0.04064017821919737,
        0.039159097345675464,
        0.028867942956894422,
        0.02646114627150121,
        0.019494694643561253
      ],
      [
        0.06208281302269734,
        -0.4915847305508603,
        0.06989186789696257,
        0.06730381799658991,
        0.12405590471013371,
        0.11264189189328437,
        0.09729569913152333,
        0.0920457141140209,
        0.08674000117432507,
        0.07936689494197938,
        0.06278077247461399,
        0.05538832802562952,
        0.054686910529083345,
        0.04400279436167061,
        0.03720723204215888,
        0.029819661736340836
      ],
      [
        0.06451926081843916,
        -0.438146787854347,
        -0.025641933990493037,
        -0.02341519519972763,
        0.047685344947049596,
        0.04628847541881764,
        0.030316418784553444,
        0.04155470372846942,
        0.04259534978159534,
        0.042426973565839236,
        0.03651631351881193,
        0.032160390981974755,
        0.03303527708897905,
        0.030091485971542032,
        0.022650781037660175,
        0.020413083358076966
      ],
      [
        0.026110549667794688,
        -0.1769080591599449,
        0.05927754639407785,
        0.05787828208891125,
        0.12249228624013295,
        0.1056432536040645,
        0.09515517862997477,
        0.08679209674820651,
        0.08363171844527635,
        0.07447519387889859,
        0.053166560799952974,
        0.04683835417876701,
        0.04528529399416588,
        0.03382381361256925,
        0.0302426382745208,
        0.02244759115039277
      ],
      [
        0.03690861828697847,
        -0.2995824964736126,
        0.05057031555784941,
        0.04778726682117345,
        0.049282187433768374,
        0.04713375617967066,
        0.04147513267863423,
        0.037030337224598586,
        0.03268063588708879,
        0.030021994342320484,
        0.02624922098146652,
        0.02321718718858653,
        0.023086677253248703,
        0.019017667370992895,
        0.015993162941318844,
        0.013166367082834257
      ],
      [
        0.02420569504917532,
        -0.1467117832229815,
        -0.03974441495099959,
        -0.03536159848042087,
        0.07536092016674963,
        0.06370937661119422,
        0.04866345524640564,
        0.05755594021421277,
        0.0614611163719416,
        0.05751139565578987,
        0.04046372710821122,
        0.035523414640030455,
        0.03524299057280914,
        0.028836942196651786,
        0.02332907552071216,
        0.018840992578588907
      ],
      [
        -0.009810624672495136,
        -0.02128778463541751,
        0.09943394849378594,
        0.09556298103190314,
        0.12263234662734968,
        0.10405597809351713,
        0.10066143959823229,
        0.08267116602723978,
        0.07701111839247957,
        0.06602268029349545,
        0.04479792231561578,
        0.03950341593258992,
        0.03717368001657182,
        0.02491051822920693,
        0.02464427272463641,
        0.016434655965150268
      ],
      [
        -0.00602873123015034,
        -0.27907831244895803,
        0.28656200109610785,
        0.27229280042583903,
        0.24106100428595115,
        0.21094227067927393,
        0.20939839989881442,
        0.1616907521969937,
        0.14237394252026933,
        0.12062945546992077,
        0.08758225515638177,
        0.07743683333081411,
        0.07289830030330553,
        0.048906747066223034,
        0.04915666610371069,
        0.03313201415097134
      ],
      [
        0.031033427462458206,
        -0.25330396865281446,
        0.008461031164745825,
        0.008906729364724867,
        0.05792650567613106,
        0.05238795716397069,
        0.04229062608164791,
        0.044469125608677405,
        0.043797552401817916,
        0.04096382409561743,
        0.03213112308168134,
        0.028307077120848057,
        0.028228096358845448,
        0.023479169336664822,
        0.019129524322842772,
        0.015796670624280217
      ],
      [
        0.03969178929620816,
        -0.3361115708272761,
        0.021782654071546472,
        0.022651965596608172,
        0.11745070140093743,
        0.10326585927281749,
        0.08654957871981757,
        0.08732239773559056,
        0.08635051818693883,
        0.07932888358745714,
        0.05917622962896157,
        0.05210565289227276,
        0.05137377811877922,
        0.04114697550479116,
        0.0345199935212248,
        0.027440320295846383
      ],
      [
        0.04232903921792787,
        -0.4862806879550774,
        0.25237361130478525,
        0.23721315004338783,
        0.12672960491832205,
        0.11937852610855068,
        0.12280129523071734,
        0.08522948485307955,
        0.06560679980667596,
        0.05455242876978047,
        0.047978948672930455,
        0.042659462881289086,
        0.04055768539721194,
        0.028334249149947244,
        0.028426588282497327,
        0.02027055276973662
      ],
      [
        0.05565755133305678,
        -0.4472035894155141,
        0.19574001665895327,
        0.1826212291037218,
        0.0507417247015117,
        0.05460411623316054,
        0.06106572444796793,
        0.033403398317421826,
        0.017003012901553163,
        0.012510111046848583,
        0.019042467288699037,
        0.017147391954014348,
        0.01638040267641471,
        0.011650902827414104,
        0.012362740683607286,
