{
  "schema": "anima-eeg/analyze/1",
  "fs": 128,
  "n": 64,
  "band_power": {
    "delta": 0.11989,
    "theta": 0.0318523,
    "alpha": 0.0550099,
    "beta":  0.0113989,
    "gamma": 0.0166113,
    "total": 0.234763
  },
  "genius": {
    "diversity": 0.2,
    "persistence": 0.0166113,
    "inhibition": 0.0550099,
    "g_score": 0.0603938
  },
  "asymmetry": 0.2
}
