{
  "backbone": "Qwen/Qwen3-8B",
  "metrics": {
    "sma": 0.48808711270491284,
    "sma_lift": -0.2337036956297724,
    "v2_pass_count_k_le_5": 0,
    "v_pairrank_top3_hit": 0.0
  },
  "pairs": [
    [
      0,
      6
    ],
    [
      1,
      7
    ],
    [
      2,
      8
    ],
    [
      3,
      10
    ],
    [
      4,
      11
    ],
    [
      5,
      9
    ]
  ]
}