{
  "schema": "anima/r6_option_F_result/1",
  "generated_at": "2026-04-24T23:01:40Z",
  "parent_commit_r6": "1e064038",
  "diagnostic_commit": "44783b28",
  "purpose": "r7 Option F 0-cost KL defense \u2014 null n=40000 + winsorize k=1",
  "inputs": {
    "p1": "state/h_last_raw_p1_TRAINED_r6.json",
    "p2": "state/h_last_raw_p2_TRAINED_r6.json",
    "p3": "state/h_last_raw_p3_TRAINED_r6.json",
    "p4": "state/h_last_raw_p4_TRAINED_r6.json"
  },
  "scenarios": {
    "a_baseline": {
      "n_null": 10000,
      "seed": 42,
      "winsorize_k": 0,
      "L2_p95": 0.20028200500434332,
      "KL_p95": 0.17826625520845316,
      "real_KL": {
        "p1_p2": 0.1376054110762021,
        "p1_p3": 0.013487555146086872,
        "p1_p4": 0.02622590014235124,
        "p2_p3": 0.10332219904252675,
        "p2_p4": 0.18908218073735078,
        "p3_p4": 0.020486805481874065
      },
      "real_L2": {
        "p1_p2": 0.0967530192044704,
        "p1_p3": 0.07213139297338958,
        "p1_p4": 0.08595711560877263,
        "p2_p3": 0.10459058550692375,
        "p2_p4": 0.14397294966891963,
        "p3_p4": 0.043615051232882916
      },
      "p2_p4_KL": 0.18908218073735078,
      "p2_p4_KL_pass": false,
      "L2_pass_all": true,
      "KL_pass_all": false,
      "L2_pass_count": 6,
      "KL_pass_count": 5,
      "margin_p2p4_vs_p95": 0.010815925528897624
    },
    "b_null_40000": {
      "n_null": 40000,
      "seed": 42,
      "winsorize_k": 0,
      "L2_p95": 0.20028187278523074,
      "KL_p95": 0.17836381445654428,
      "real_KL": {
        "p1_p2": 0.1376054110762021,
        "p1_p3": 0.013487555146086872,
        "p1_p4": 0.02622590014235124,
        "p2_p3": 0.10332219904252675,
        "p2_p4": 0.18908218073735078,
        "p3_p4": 0.020486805481874065
      },
      "real_L2": {
        "p1_p2": 0.0967530192044704,
        "p1_p3": 0.07213139297338958,
        "p1_p4": 0.08595711560877263,
        "p2_p3": 0.10459058550692375,
        "p2_p4": 0.14397294966891963,
        "p3_p4": 0.043615051232882916
      },
      "p2_p4_KL": 0.18908218073735078,
      "p2_p4_KL_pass": false,
      "L2_pass_all": true,
      "KL_pass_all": false,
      "L2_pass_count": 6,
      "KL_pass_count": 5,
      "margin_p2p4_vs_p95": 0.010718366280806496,
      "delta_p95_vs_a": 9.755924809112804e-05
    },
    "c_winsorize_k1": {
      "n_null": 10000,
      "seed": 42,
      "winsorize_k": 1,
      "L2_p95": 0.20028200500434332,
      "KL_p95": 0.17826625520845316,
      "winsorized_real_KL": {
        "p1_p2": 0.20524995546832456,
        "p1_p3": 0.013487555146086872,
        "p1_p4": 0.0963873304133866,
        "p2_p3": 0.10476803647367683,
        "p2_p4": 0.1802748209545531,
        "p3_p4": 0.07398594856063108
      },
      "winsorized_real_L2": {
        "p1_p2": 0.09507135237663362,
        "p1_p3": 0.07213139297338958,
        "p1_p4": 0.08246819234425723,
        "p2_p3": 0.1058461443451141,
        "p2_p4": 0.1406557883379781,
        "p3_p4": 0.04020423803589707
      },
      "p2_p4_KL_winsorized": 0.1802748209545531,
      "p2_p4_KL_pass": false,
      "KL_pass_all": false,
      "L2_pass_all": true,
      "KL_pass_count": 4,
      "L2_pass_count": 6,
      "KL_pass_per_pair": {
        "p1_p2": false,
        "p1_p3": true,
        "p1_p4": true,
        "p2_p3": true,
        "p2_p4": false,
        "p3_p4": true
      },
      "L2_pass_per_pair": {
        "p1_p2": true,
        "p1_p3": true,
        "p1_p4": true,
        "p2_p3": true,
        "p2_p4": true,
        "p3_p4": true
      },
      "winsorize_detail": {
        "top_idx": 9,
        "replacement_idx": 6,
        "per_prompt_contribs_p2p4": [
          -0.007117762741759959,
          -0.01159430797242475,
          -0.0035795436097051936,
          -0.008578935940901783,
          -0.00404891492048387,
          0.006963080564750979,
          0.01672003542070158,
          0.015606663412589677,
          0.011364857418749819,
          0.022662818851841515,
          -0.009227751837210335,
          0.006522433206268552,
          -0.0034212148107899965,
          -0.0006391504649486401,
          0.000873782026341724,
          -0.0024251051680393987
        ],
        "top_abs_contrib": 0.022662818851841515,
        "second_abs_contrib": 0.01672003542070158,
        "k": 1
      },
      "margin_p2p4_vs_p95": 0.0020085657460999495
    },
    "d_combined": {
      "n_null": 40000,
      "seed": 42,
      "winsorize_k": 1,
      "L2_p95": 0.20028187278523074,
      "KL_p95": 0.17836381445654428,
      "winsorized_real_KL": {
        "p1_p2": 0.20524995546832456,
        "p1_p3": 0.013487555146086872,
        "p1_p4": 0.0963873304133866,
        "p2_p3": 0.10476803647367683,
        "p2_p4": 0.1802748209545531,
        "p3_p4": 0.07398594856063108
      },
      "winsorized_real_L2": {
        "p1_p2": 0.09507135237663362,
        "p1_p3": 0.07213139297338958,
        "p1_p4": 0.08246819234425723,
        "p2_p3": 0.1058461443451141,
        "p2_p4": 0.1406557883379781,
        "p3_p4": 0.04020423803589707
      },
      "p2_p4_KL_winsorized": 0.1802748209545531,
      "p2_p4_KL_pass": false,
      "KL_pass_all": false,
      "L2_pass_all": true,
      "KL_pass_count": 4,
      "L2_pass_count": 6,
      "KL_pass_per_pair": {
        "p1_p2": false,
        "p1_p3": true,
        "p1_p4": true,
        "p2_p3": true,
        "p2_p4": false,
        "p3_p4": true
      },
      "L2_pass_per_pair": {
        "p1_p2": true,
        "p1_p3": true,
        "p1_p4": true,
        "p2_p3": true,
        "p2_p4": true,
        "p3_p4": true
      },
      "margin_p2p4_vs_p95": 0.0019110064980088215
    }
  },
  "best_pass_scenario": null,
  "best_margin_scenario": "d_combined",
  "best_margin_value": 0.0019110064980088215,
  "all_pass_scenarios": [],
  "verdict": "HOLD",
  "recommendation": "All 0-cost scenarios FAIL \u2014 proceed to r7 hard path (Option C/D/E, pod needed)"
}