{
  "schema": "anima/r7_axis4_diagnostic/1",
  "ts": "2026-04-25",
  "inputs": [
    "state/phi_4path_cross_result_v3_TRAINED_r6.json",
    "state/phi_4path_cross_result_v3_TRAINED_r7.json"
  ],
  "note": "r6/r7 result JSON의 models 블록 레이블은 일부 stale(r5 잔존). ground-truth는 h_last_raw_p{1..4}_TRAINED_r{6,7}.json base_model 필드 기준.",
  "spectra": {
    "r6": {
      "p1": {
        "p_eig1": 0.8009672883964947,
        "p_eig2": 0.06725402481121065,
        "p_top2": 0.8682213132077053,
        "eff_rank_entropy": 2.5902282310495908,
        "participation_ratio_16": 1.5436994177003571,
        "log_decay_e1_over_e4": 3.732207495463811,
        "PR_from_gate": 1.5436994177003578
      },
      "p2": {
        "p_eig1": 0.811223066395337,
        "p_eig2": 0.15858309318253871,
        "p_top2": 0.9698061595778757,
        "eff_rank_entropy": 1.8828878081392708,
        "participation_ratio_16": 1.4633160913786236,
        "log_decay_e1_over_e4": 5.063131379997214,
        "PR_from_gate": 1.4633160913786236
      },
      "p3": {
        "p_eig1": 0.7375600762985336,
        "p_eig2": 0.09844252360921933,
        "p_top2": 0.8360025999077529,
        "eff_rank_entropy": 3.1251763963280665,
        "participation_ratio_16": 1.7962425671789877,
        "log_decay_e1_over_e4": 3.285296696313028,
        "PR_from_gate": 1.7962425671789877
      },
      "p4": {
        "p_eig1": 0.7191699782841068,
        "p_eig2": 0.06273508799672185,
        "p_top2": 0.7819050662808287,
        "eff_rank_entropy": 3.6243760507388867,
        "participation_ratio_16": 1.9029549292237886,
        "log_decay_e1_over_e4": 3.2822768165347633,
        "PR_from_gate": 1.9029549292237888
      }
    },
    "r7": {
      "p1": {
        "p_eig1": 0.8009672883964947,
        "p_eig2": 0.06725402481121065,
        "p_top2": 0.8682213132077053,
        "eff_rank_entropy": 2.5902282310495908,
        "participation_ratio_16": 1.5436994177003571,
        "log_decay_e1_over_e4": 3.732207495463811,
        "PR_from_gate": 1.5436994177003578
      },
      "p2": {
        "p_eig1": 0.811223066395337,
        "p_eig2": 0.15858309318253871,
        "p_top2": 0.9698061595778757,
        "eff_rank_entropy": 1.8828878081392708,
        "participation_ratio_16": 1.4633160913786236,
        "log_decay_e1_over_e4": 5.063131379997214,
        "PR_from_gate": 1.4633160913786236
      },
      "p3": {
        "p_eig1": 0.7375600762985336,
        "p_eig2": 0.09844252360921933,
        "p_top2": 0.8360025999077529,
        "eff_rank_entropy": 3.1251763963280665,
        "participation_ratio_16": 1.7962425671789877,
        "log_decay_e1_over_e4": 3.285296696313028,
        "PR_from_gate": 1.7962425671789877
      },
      "p4": {
        "p_eig1": 0.5754667602756421,
        "p_eig2": 0.3206100862223132,
        "p_top2": 0.8960768464979554,
        "eff_rank_entropy": 3.204978828480894,
        "participation_ratio_16": 2.2975568040829257,
        "log_decay_e1_over_e4": 3.8012060125434846,
        "PR_from_gate": 2.2975568040829257
      }
    }
  },
  "pair_deltas": {
    "p1_p2": {
      "dL2": 0.0,
      "dKL": 0.0,
      "L2_r6": 0.0968,
      "L2_r7": 0.0968,
      "KL_r6": 0.1376,
      "KL_r7": 0.1376
    },
    "p1_p3": {
      "dL2": 0.0,
      "dKL": 0.0,
      "L2_r6": 0.0721,
      "L2_r7": 0.0721,
      "KL_r6": 0.0135,
      "KL_r7": 0.0135
    },
    "p1_p4": {
      "dL2": 0.2534,
      "dKL": 0.1673,
      "L2_r6": 0.086,
      "L2_r7": 0.3393,
      "KL_r6": 0.0262,
      "KL_r7": 0.1936
    },
    "p2_p3": {
      "dL2": 0.0,
      "dKL": 0.0,
      "L2_r6": 0.1046,
      "L2_r7": 0.1046,
      "KL_r6": 0.1033,
      "KL_r7": 0.1033
    },
    "p2_p4": {
      "dL2": 0.1431,
      "dKL": -0.0582,
      "L2_r6": 0.144,
      "L2_r7": 0.2871,
      "KL_r6": 0.1891,
      "KL_r7": 0.1308
    },
    "p3_p4": {
      "dL2": 0.2322,
      "dKL": 0.1239,
      "L2_r6": 0.0436,
      "L2_r7": 0.2758,
      "KL_r6": 0.0205,
      "KL_r7": 0.1444
    }
  },
  "h4a_scale": {
    "scale_proxy_r6_p4": 12.1244,
    "scale_proxy_r7_p4": 12.4121,
    "delta_scale_p4": 0.2877,
    "per_pair": [
      {
        "pair": "p1_p4",
        "partner_scale": 11.9013,
        "p4_scale_r6": 12.1244,
        "p4_scale_r7": 12.4121,
        "abs_gap_r6": 0.2231,
        "abs_gap_r7": 0.5108,
        "d_gap": 0.2877,
        "dL2": 0.2534
      },
      {
        "pair": "p2_p4",
        "partner_scale": 11.5164,
        "p4_scale_r6": 12.1244,
        "p4_scale_r7": 12.4121,
        "abs_gap_r6": 0.608,
        "abs_gap_r7": 0.8957,
        "d_gap": 0.2877,
        "dL2": 0.1431
      },
      {
        "pair": "p3_p4",
        "partner_scale": 12.2298,
        "p4_scale_r6": 12.1244,
        "p4_scale_r7": 12.4121,
        "abs_gap_r6": 0.1054,
        "abs_gap_r7": 0.1823,
        "d_gap": 0.077,
        "dL2": 0.2322
      }
    ],
    "spearman_dgap_vs_dL2": -0.5
  },
  "h4b_vendor_gen": {
    "per_pair": [
      {
        "pair": "p1_p4",
        "partner": "Qwen/Qwen3-8B",
        "p4": "Qwen/Qwen2.5-14B",
        "same_vendor": true,
        "same_generation": false,
        "dL2": 0.2534,
        "dKL": 0.1673
      },
      {
        "pair": "p2_p4",
        "partner": "Qwen/Qwen2.5-7B",
        "p4": "Qwen/Qwen2.5-14B",
        "same_vendor": true,
        "same_generation": true,
        "dL2": 0.1431,
        "dKL": -0.0582
      },
      {
        "pair": "p3_p4",
        "partner": "mistralai/Mistral-Nemo-Base-2407",
        "p4": "Qwen/Qwen2.5-14B",
        "same_vendor": false,
        "same_generation": false,
        "dL2": 0.2322,
        "dKL": 0.1239
      }
    ],
    "verdict_same_vendor_protects_L2": true
  },
  "h4c_rank_per_B": {
    "per_path": [
      {
        "tag": "r6",
        "path": "p1",
        "model": "Qwen/Qwen3-8B",
        "rank": 64,
        "nominal_B": 8,
        "rank_per_B": 8.0
      },
      {
        "tag": "r6",
        "path": "p2",
        "model": "Qwen/Qwen2.5-7B",
        "rank": 64,
        "nominal_B": 7,
        "rank_per_B": 9.143
      },
      {
        "tag": "r6",
        "path": "p3",
        "model": "mistralai/Mistral-Nemo-Base-2407",
        "rank": 96,
        "nominal_B": 12,
        "rank_per_B": 8.0
      },
      {
        "tag": "r6",
        "path": "p4",
        "model": "google/gemma-3-12b-pt",
        "rank": 128,
        "nominal_B": 12,
        "rank_per_B": 10.667
      },
      {
        "tag": "r7",
        "path": "p1",
        "model": "Qwen/Qwen3-8B",
        "rank": 64,
        "nominal_B": 8,
        "rank_per_B": 8.0
      },
      {
        "tag": "r7",
        "path": "p2",
        "model": "Qwen/Qwen2.5-7B",
        "rank": 64,
        "nominal_B": 7,
        "rank_per_B": 9.143
      },
      {
        "tag": "r7",
        "path": "p3",
        "model": "mistralai/Mistral-Nemo-Base-2407",
        "rank": 96,
        "nominal_B": 12,
        "rank_per_B": 8.0
      },
      {
        "tag": "r7",
        "path": "p4",
        "model": "Qwen/Qwen2.5-14B",
        "rank": 96,
        "nominal_B": 14,
        "rank_per_B": 6.857
      }
    ],
    "note": "r6 p4 rank=128 / 12B = 10.67; r7 p4 rank=96 / 14B = 6.86. r6 p1 rank=64 / 8B = 8.00 PASS, r6 p2 rank=64 / 7B = 9.14 PASS, r6 p3 rank=96 / 12B = 8.00 PASS. r7 p4 ratio below minimum-seen-passing (8.0).",
    "r7_p4_below_min_pass_ratio": true
  },
  "h4d_training": {
    "r6_p4_top2_mass": 0.7819,
    "r7_p4_top2_mass": 0.8961,
    "delta_top2_mass": 0.1142,
    "interpretation": "r6 p4 top-2 mass ≈ 0.78, r7 p4 top-2 mass ≈ 0.90 — r7 p4는 spectrum이 상위 2개 eigen-direction에 극단적으로 몰림. 이는 300 step 학습이 14B 모델에선 균일 rank spread를 못 이루고 2D subspace로 붕괴했음을 시사 (또는 corpus-limited manifold가 14B 스케일에서 early-saturate). direct Frobenius 없음 — NEEDS-GPU-IF-RESOLVE."
  },
  "h4e_pool_breakdown": {
    "r7_p4_hidden": 5120,
    "r6_p3_hidden": 5120,
    "r6_p3_passed_all": true,
    "verdict_hidden_alone_sufficient": false,