{
  "schema": "anima/v_phen_gwt_v3_distance/1",
  "purpose": "P1 paradigm: V_phen_GWT_v3 metric (attention distance entropy) prompt-length-invariance test",
  "backbone": "meta-llama/Llama-3.1-8B",
  "prompts_tested": [
    "short_default_47",
    "long_c2_dialogue_215",
    "very_long_synthesized_400"
  ],
  "results_per_prompt": {
    "short_default_47": {
      "prompt_first50": "The quick brown fox jumps over the lazy dog. The c",
      "seq_len": 29,
      "v2_metric_attention_entropy_normalized": 0.21019047682541903,
      "v3_distance_mean_avg": 11.747498640570853,
      "v3_distance_mean_normalized_by_seq": 0.4050861600196846,
      "v3_distance_entropy": 0.9613284933142278,
      "v3_sparsity_diffusion": 0.18930648939567618
    },
    "long_c2_dialogue_215": {
      "prompt_first50": "Three philosophers debate the substrate of conscio",
      "seq_len": 76,
      "v2_metric_attention_entropy_normalized": 0.26295757143452647,
      "v3_distance_mean_avg": 28.736485067743416,
      "v3_distance_mean_normalized_by_seq": 0.3781116456282028,
      "v3_distance_entropy": 0.9683278161385979,
      "v3_sparsity_diffusion": 0.2827036784874508
    },
    "very_long_synthesized_400": {
      "prompt_first50": "Three philosophers debate the substrate of conscio",
      "seq_len": 139,
      "v2_metric_attention_entropy_normalized": 0.28155252116016527,
      "v3_distance_mean_avg": 50.69764862460362,
      "v3_distance_mean_normalized_by_seq": 0.3647312850690908,
      "v3_distance_entropy": 0.947025635336771,
      "v3_sparsity_diffusion": 0.32203690383175854
    }
  },
  "range_compression_analysis": {
    "v2_metric_range": 0.07136204433474624,
    "v3_distance_normalized_range": 0.04035487495059381,
    "v3_entropy_range": 0.021302180801826887,
    "v3_sparsity_range": 0.13273041443608236,
    "v2_v3_compression_ratio_distance": 1.7683624202060915,
    "v2_v3_compression_ratio_entropy": 3.3499877312385875,
    "v2_v3_compression_ratio_sparsity": 0.537646511825753
  },
  "elapsed_sec": 21.9,
  "ts": "2026-04-26T03:56:40Z"
}