{
  "schema": "anima/cmt/3",
  "backbone": "mistralai/Mistral-Nemo-Base-2407",
  "mode": "v2",
  "hook_kind": "zero",
  "n_probes": 16,
  "n_layers": 40,
  "layer_stride": 4,
  "hidden_truncated": 128,
  "h_dim": 5120,
  "h_sqrt": 71.5542,
  "ablate_target": "mlp",
  "families": [
    "Hexad",
    "Law",
    "Phi",
    "SelfRef"
  ],
  "tomography": {
    "0": {
      "Hexad": {
        "abs": 14.431873,
        "rel": 0.364716,
        "norm_dy": 0.20169156
      },
      "Law": {
        "abs": 11.757736,
        "rel": 0.304926,
        "norm_dy": 0.16431936
      },
      "Phi": {
        "abs": 15.957609,
        "rel": 0.392466,
        "norm_dy": 0.22301437
      },
      "SelfRef": {
        "abs": 13.981919,
        "rel": 0.335625,
        "norm_dy": 0.19540326
      }
    },
    "4": {
      "Hexad": {
        "abs": 0.886712,
        "rel": 0.022409,
        "norm_dy": 0.01239218
      },
      "Law": {
        "abs": 0.835022,
        "rel": 0.021655,
        "norm_dy": 0.01166979
      },
      "Phi": {
        "abs": 0.960515,
        "rel": 0.023623,
        "norm_dy": 0.0134236
      },
      "SelfRef": {
        "abs": 0.844164,
        "rel": 0.020263,
        "norm_dy": 0.01179755
      }
    },
    "8": {
      "Hexad": {
        "abs": 0.885077,
        "rel": 0.022367,
        "norm_dy": 0.01236933
      },
      "Law": {
        "abs": 0.714438,
        "rel": 0.018528,
        "norm_dy": 0.00998457
      },
      "Phi": {
        "abs": 0.801976,
        "rel": 0.019724,
        "norm_dy": 0.01120796
      },
      "SelfRef": {
        "abs": 0.650958,
        "rel": 0.015626,
        "norm_dy": 0.00909741
      }
    },
    "12": {
      "Hexad": {
        "abs": 0.386787,
        "rel": 0.009775,
        "norm_dy": 0.00540552
      },
      "Law": {
        "abs": 0.440636,
        "rel": 0.011427,
        "norm_dy": 0.00615808
      },
      "Phi": {
        "abs": 0.548289,
        "rel": 0.013485,
        "norm_dy": 0.00766258
      },
      "SelfRef": {
        "abs": 0.515312,
        "rel": 0.01237,
        "norm_dy": 0.0072017
      }
    },
    "16": {
      "Hexad": {
        "abs": 0.779833,
        "rel": 0.019708,
        "norm_dy": 0.0108985
      },
      "Law": {
        "abs": 0.55233,
        "rel": 0.014324,
        "norm_dy": 0.00771904
      },
      "Phi": {
        "abs": 0.756868,
        "rel": 0.018615,
        "norm_dy": 0.01057755
      },
      "SelfRef": {
        "abs": 0.638011,
        "rel": 0.015315,
        "norm_dy": 0.00891647
      }
    },
    "20": {
      "Hexad": {
        "abs": 0.600846,
        "rel": 0.015184,
        "norm_dy": 0.00839708
      },
      "Law": {
        "abs": 1.000291,
        "rel": 0.025942,
        "norm_dy": 0.01397949
      },
      "Phi": {
        "abs": 0.809851,
        "rel": 0.019918,
        "norm_dy": 0.01131801
      },
      "SelfRef": {
        "abs": 0.749973,
        "rel": 0.018003,
        "norm_dy": 0.01048119
      }
    },
    "24": {
      "Hexad": {
        "abs": 0.576695,
        "rel": 0.014574,
        "norm_dy": 0.00805956
      },
      "Law": {
        "abs": 0.484175,
        "rel": 0.012557,
        "norm_dy": 0.00676655
      },
      "Phi": {
        "abs": 0.406582,
        "rel": 0.01,
        "norm_dy": 0.00568215
      },
      "SelfRef": {
        "abs": 0.586385,
        "rel": 0.014076,
        "norm_dy": 0.00819498
      }
    },
    "28": {
      "Hexad": {
        "abs": 0.512383,
        "rel": 0.012949,
        "norm_dy": 0.00716077
      },
      "Law": {
        "abs": 0.576266,
        "rel": 0.014945,
        "norm_dy": 0.00805357
      },
      "Phi": {
        "abs": 0.551511,
        "rel": 0.013564,
        "norm_dy": 0.00770761
      },
      "SelfRef": {
        "abs": 0.478635,
        "rel": 0.011489,
        "norm_dy": 0.00668913
      }
    },
    "32": {
      "Hexad": {
        "abs": 0.731187,
        "rel": 0.018478,
        "norm_dy": 0.01021864
      },
      "Law": {
        "abs": 0.555799,
        "rel": 0.014414,
        "norm_dy": 0.00776752
      },
      "Phi": {
        "abs": 0.612858,
        "rel": 0.015073,
        "norm_dy": 0.00856495
      },
      "SelfRef": {
        "abs": 0.645875,
        "rel": 0.015504,
        "norm_dy": 0.00902638
      }
    },
    "36": {
      "Hexad": {
        "abs": 1.031773,
        "rel": 0.026074,
        "norm_dy": 0.01441946
      },
      "Law": {
        "abs": 1.605321,
        "rel": 0.041632,
        "norm_dy": 0.02243505
      },
      "Phi": {
        "abs": 0.990008,
        "rel": 0.024349,
        "norm_dy": 0.01383579
      },
      "SelfRef": {
        "abs": 1.584276,
        "rel": 0.038029,
        "norm_dy": 0.02214093
      }
    }
  },
  "dominant_layer_per_family": {
    "Hexad": {
      "layer": 0,
      "rel": 0.364716
    },
    "Law": {
      "layer": 0,
      "rel": 0.304926
    },
    "Phi": {
      "layer": 0,
      "rel": 0.392466
    },
    "SelfRef": {
      "layer": 0,
      "rel": 0.335625
    }
  },
  "rel_distribution": {
    "min": 0.009775,
    "max": 0.392466,
    "mean": 0.051343,
    "saturation_count": 0,
    "total_cells": 40,
    "saturation_frac": 0.0,
    "informative": true
  },
  "gate_PASS": true,
  "elapsed_sec": 17.0,
  "ts": "2026-04-27T12:42:05Z"
}