{
  "schema": "anima/cmt/3",
  "backbone": "mistralai/Mistral-Nemo-Base-2407",
  "mode": "v3",
  "hook_kind": "passthrough",
  "n_probes": 16,
  "n_layers": 40,
  "layer_stride": 4,
  "hidden_truncated": 128,
  "h_dim": 5120,
  "h_sqrt": 71.5542,
  "ablate_target": "mlp",
  "families": [
    "Hexad",
    "Law",
    "Phi",
    "SelfRef"
  ],
  "tomography": {
    "0": {
      "Hexad": {
        "abs": 4.480898,
        "rel": 0.107524,
        "norm_dy": 0.06262245
      },
      "Law": {
        "abs": 3.601137,
        "rel": 0.085367,
        "norm_dy": 0.05032742
      },
      "Phi": {
        "abs": 4.789517,
        "rel": 0.116311,
        "norm_dy": 0.06693554
      },
      "SelfRef": {
        "abs": 5.423022,
        "rel": 0.132084,
        "norm_dy": 0.07578903
      }
    },
    "4": {
      "Hexad": {
        "abs": 2.150859,
        "rel": 0.051612,
        "norm_dy": 0.03005917
      },
      "Law": {
        "abs": 2.437115,
        "rel": 0.057773,
        "norm_dy": 0.03405972
      },
      "Phi": {
        "abs": 1.938311,
        "rel": 0.047071,
        "norm_dy": 0.02708872
      },
      "SelfRef": {
        "abs": 2.77519,
        "rel": 0.067593,
        "norm_dy": 0.03878446
      }
    },
    "8": {
      "Hexad": {
        "abs": 1.747837,
        "rel": 0.041941,
        "norm_dy": 0.02442676
      },
      "Law": {
        "abs": 1.776314,
        "rel": 0.042109,
        "norm_dy": 0.02482475
      },
      "Phi": {
        "abs": 1.502093,
        "rel": 0.036478,
        "norm_dy": 0.02099238
      },
      "SelfRef": {
        "abs": 1.875774,
        "rel": 0.045687,
        "norm_dy": 0.02621474
      }
    },
    "12": {
      "Hexad": {
        "abs": 2.788757,
        "rel": 0.066919,
        "norm_dy": 0.03897406
      },
      "Law": {
        "abs": 3.374672,
        "rel": 0.079999,
        "norm_dy": 0.04716248
      },
      "Phi": {
        "abs": 2.764765,
        "rel": 0.067141,
        "norm_dy": 0.03863876
      },
      "SelfRef": {
        "abs": 2.856385,
        "rel": 0.06957,
        "norm_dy": 0.03991919
      }
    },
    "16": {
      "Hexad": {
        "abs": 2.43687,
        "rel": 0.058475,
        "norm_dy": 0.03405629
      },
      "Law": {
        "abs": 2.658512,
        "rel": 0.063022,
        "norm_dy": 0.03715383
      },
      "Phi": {
        "abs": 2.772854,
        "rel": 0.067337,
        "norm_dy": 0.03875182
      },
      "SelfRef": {
        "abs": 2.773264,
        "rel": 0.067546,
        "norm_dy": 0.03875755
      }
    },
    "20": {
      "Hexad": {
        "abs": 1.650717,
        "rel": 0.039611,
        "norm_dy": 0.02306947
      },
      "Law": {
        "abs": 1.06393,
        "rel": 0.025221,
        "norm_dy": 0.01486887
      },
      "Phi": {
        "abs": 1.21104,
        "rel": 0.02941,
        "norm_dy": 0.0169248
      },
      "SelfRef": {
        "abs": 1.81454,
        "rel": 0.044195,
        "norm_dy": 0.02535897
      }
    },
    "24": {
      "Hexad": {
        "abs": 1.739498,
        "rel": 0.041741,
        "norm_dy": 0.02431023
      },
      "Law": {
        "abs": 2.06913,
        "rel": 0.04905,
        "norm_dy": 0.02891697
      },
      "Phi": {
        "abs": 1.401339,
        "rel": 0.034031,
        "norm_dy": 0.01958431
      },
      "SelfRef": {
        "abs": 1.217902,
        "rel": 0.029663,
        "norm_dy": 0.0170207
      }
    },
    "28": {
      "Hexad": {
        "abs": 2.518079,
        "rel": 0.060424,
        "norm_dy": 0.03519122
      },
      "Law": {
        "abs": 2.807479,
        "rel": 0.066553,
        "norm_dy": 0.03923571
      },
      "Phi": {
        "abs": 1.765751,
        "rel": 0.04288,
        "norm_dy": 0.02467713
      },
      "SelfRef": {
        "abs": 1.627897,
        "rel": 0.039649,
        "norm_dy": 0.02275055
      }
    },
    "32": {
      "Hexad": {
        "abs": 2.856515,
        "rel": 0.068545,
        "norm_dy": 0.03992101
      },
      "Law": {
        "abs": 2.709068,
        "rel": 0.06422,
        "norm_dy": 0.03786037
      },
      "Phi": {
        "abs": 1.946043,
        "rel": 0.047259,
        "norm_dy": 0.02719678
      },
      "SelfRef": {
        "abs": 1.534938,
        "rel": 0.037385,
        "norm_dy": 0.02145141
      }
    },
    "36": {
      "Hexad": {
        "abs": 1.931765,
        "rel": 0.046355,
        "norm_dy": 0.02699724
      },
      "Law": {
        "abs": 2.407827,
        "rel": 0.057079,
        "norm_dy": 0.0336504
      },
      "Phi": {
        "abs": 1.900103,
        "rel": 0.046143,
        "norm_dy": 0.02655475
      },
      "SelfRef": {
        "abs": 1.902768,
        "rel": 0.046344,
        "norm_dy": 0.02659199
      }
    }
  },
  "dominant_layer_per_family": {
    "Hexad": {
      "layer": 0,
      "rel": 0.107524
    },
    "Law": {
      "layer": 0,
      "rel": 0.085367
    },
    "Phi": {
      "layer": 0,
      "rel": 0.116311
    },
    "SelfRef": {
      "layer": 0,
      "rel": 0.132084
    }
  },
  "rel_distribution": {
    "min": 0.025221,
    "max": 0.132084,
    "mean": 0.057183,
    "saturation_count": 0,
    "total_cells": 40,
    "saturation_frac": 0.0,
    "informative": true
  },
  "gate_PASS": true,
  "elapsed_sec": 102.9,
  "ts": "2026-04-27T12:41:45Z"
}