{
  "schema": "anima/cmt/3",
  "backbone": "google/gemma-2-9b",
  "mode": "v3",
  "hook_kind": "passthrough",
  "n_probes": 16,
  "n_layers": 42,
  "layer_stride": 4,
  "hidden_truncated": 128,
  "h_dim": 3584,
  "h_sqrt": 59.8665,
  "ablate_target": "mlp",
  "families": [
    "Hexad",
    "Law",
    "Phi",
    "SelfRef"
  ],
  "tomography": {
    "0": {
      "Hexad": {
        "abs": 1.373151,
        "rel": 0.067722,
        "norm_dy": 0.02293687
      },
      "Law": {
        "abs": 1.534334,
        "rel": 0.074295,
        "norm_dy": 0.02562925
      },
      "Phi": {
        "abs": 1.674887,
        "rel": 0.083326,
        "norm_dy": 0.02797702
      },
      "SelfRef": {
        "abs": 1.466426,
        "rel": 0.075493,
        "norm_dy": 0.02449492
      }
    },
    "4": {
      "Hexad": {
        "abs": 0.536391,
        "rel": 0.026454,
        "norm_dy": 0.00895979
      },
      "Law": {
        "abs": 0.407269,
        "rel": 0.019721,
        "norm_dy": 0.00680295
      },
      "Phi": {
        "abs": 0.465797,
        "rel": 0.023173,
        "norm_dy": 0.00778059
      },
      "SelfRef": {
        "abs": 0.461287,
        "rel": 0.023748,
        "norm_dy": 0.00770525
      }
    },
    "8": {
      "Hexad": {
        "abs": 0.608297,
        "rel": 0.03,
        "norm_dy": 0.01016089
      },
      "Law": {
        "abs": 0.467758,
        "rel": 0.02265,
        "norm_dy": 0.00781335
      },
      "Phi": {
        "abs": 0.567978,
        "rel": 0.028257,
        "norm_dy": 0.00948741
      },
      "SelfRef": {
        "abs": 0.572134,
        "rel": 0.029454,
        "norm_dy": 0.00955683
      }
    },
    "12": {
      "Hexad": {
        "abs": 0.248574,
        "rel": 0.012259,
        "norm_dy": 0.00415214
      },
      "Law": {
        "abs": 0.253384,
        "rel": 0.012269,
        "norm_dy": 0.00423247
      },
      "Phi": {
        "abs": 0.323572,
        "rel": 0.016098,
        "norm_dy": 0.00540489
      },
      "SelfRef": {
        "abs": 0.202216,
        "rel": 0.01041,
        "norm_dy": 0.00337779
      }
    },
    "16": {
      "Hexad": {
        "abs": 0.235712,
        "rel": 0.011625,
        "norm_dy": 0.00393729
      },
      "Law": {
        "abs": 0.325636,
        "rel": 0.015768,
        "norm_dy": 0.00543936
      },
      "Phi": {
        "abs": 0.330991,
        "rel": 0.016467,
        "norm_dy": 0.00552882
      },
      "SelfRef": {
        "abs": 0.15375,
        "rel": 0.007915,
        "norm_dy": 0.00256822
      }
    },
    "20": {
      "Hexad": {
        "abs": 0.40204,
        "rel": 0.019828,
        "norm_dy": 0.0067156
      },
      "Law": {
        "abs": 0.550366,
        "rel": 0.02665,
        "norm_dy": 0.00919321
      },
      "Phi": {
        "abs": 0.453002,
        "rel": 0.022537,
        "norm_dy": 0.00756687
      },
      "SelfRef": {
        "abs": 0.302601,
        "rel": 0.015578,
        "norm_dy": 0.00505459
      }
    },
    "24": {
      "Hexad": {
        "abs": 0.370092,
        "rel": 0.018252,
        "norm_dy": 0.00618195
      },
      "Law": {
        "abs": 0.405512,
        "rel": 0.019636,
        "norm_dy": 0.0067736
      },
      "Phi": {
        "abs": 0.345174,
        "rel": 0.017172,
        "norm_dy": 0.00576574
      },
      "SelfRef": {
        "abs": 0.5556,
        "rel": 0.028603,
        "norm_dy": 0.00928064
      }
    },
    "28": {
      "Hexad": {
        "abs": 0.437619,
        "rel": 0.021583,
        "norm_dy": 0.00730991
      },
      "Law": {
        "abs": 0.67082,
        "rel": 0.032482,
        "norm_dy": 0.01120527
      },
      "Phi": {
        "abs": 0.473316,
        "rel": 0.023548,
        "norm_dy": 0.00790619
      },
      "SelfRef": {
        "abs": 0.541659,
        "rel": 0.027885,
        "norm_dy": 0.00904778
      }
    },
    "32": {
      "Hexad": {
        "abs": 1.969508,
        "rel": 0.097133,
        "norm_dy": 0.03289832
      },
      "Law": {
        "abs": 2.229155,
        "rel": 0.10794,
        "norm_dy": 0.03723542
      },
      "Phi": {
        "abs": 1.623445,
        "rel": 0.080766,
        "norm_dy": 0.02711775
      },
      "SelfRef": {
        "abs": 1.518495,
        "rel": 0.078174,
        "norm_dy": 0.02536468
      }
    },
    "36": {
      "Hexad": {
        "abs": 1.710441,
        "rel": 0.084357,
        "norm_dy": 0.02857092
      },
      "Law": {
        "abs": 2.42806,
        "rel": 0.117571,
        "norm_dy": 0.0405579
      },
      "Phi": {
        "abs": 1.368373,
        "rel": 0.068077,
        "norm_dy": 0.02285707
      },
      "SelfRef": {
        "abs": 1.332693,
        "rel": 0.068609,
        "norm_dy": 0.02226108
      }
    },
    "40": {
      "Hexad": {
        "abs": 0.9452,
        "rel": 0.046616,
        "norm_dy": 0.01578846
      },
      "Law": {
        "abs": 0.764882,
        "rel": 0.037037,
        "norm_dy": 0.01277646
      },
      "Phi": {
        "abs": 1.025524,
        "rel": 0.05102,
        "norm_dy": 0.01713018
      },
      "SelfRef": {
        "abs": 0.581103,
        "rel": 0.029916,
        "norm_dy": 0.00970664
      }
    }
  },
  "dominant_layer_per_family": {
    "Hexad": {
      "layer": 32,
      "rel": 0.097133
    },
    "Law": {
      "layer": 36,
      "rel": 0.117571
    },
    "Phi": {
      "layer": 0,
      "rel": 0.083326
    },
    "SelfRef": {
      "layer": 32,
      "rel": 0.078174
    }
  },
  "rel_distribution": {
    "min": 0.007915,
    "max": 0.117571,
    "mean": 0.039729,
    "saturation_count": 0,
    "total_cells": 44,
    "saturation_frac": 0.0,
    "informative": true
  },
  "gate_PASS": true,
  "elapsed_sec": 164.0,
  "ts": "2026-04-27T12:39:59Z"
}