{
  "schema": "anima/cmt/3",
  "backbone": "mistralai/Mistral-7B-v0.3",
  "mode": "v3",
  "hook_kind": "passthrough",
  "n_probes": 16,
  "n_layers": 32,
  "layer_stride": 4,
  "hidden_truncated": 128,
  "h_dim": 4096,
  "h_sqrt": 64.0,
  "ablate_target": "mlp",
  "families": [
    "Hexad",
    "Law",
    "Phi",
    "SelfRef"
  ],
  "tomography": {
    "0": {
      "Hexad": {
        "abs": 6.901799,
        "rel": 0.184788,
        "norm_dy": 0.10784061
      },
      "Law": {
        "abs": 6.490001,
        "rel": 0.181255,
        "norm_dy": 0.10140626
      },
      "Phi": {
        "abs": 12.168225,
        "rel": 0.304721,
        "norm_dy": 0.19012852
      },
      "SelfRef": {
        "abs": 11.504368,
        "rel": 0.305161,
        "norm_dy": 0.17975575
      }
    },
    "4": {
      "Hexad": {
        "abs": 6.754852,
        "rel": 0.180854,
        "norm_dy": 0.10554456
      },
      "Law": {
        "abs": 6.358606,
        "rel": 0.177586,
        "norm_dy": 0.09935322
      },
      "Phi": {
        "abs": 8.233213,
        "rel": 0.206179,
        "norm_dy": 0.12864396
      },
      "SelfRef": {
        "abs": 6.733624,
        "rel": 0.178614,
        "norm_dy": 0.10521288
      }
    },
    "8": {
      "Hexad": {
        "abs": 4.052691,
        "rel": 0.108506,
        "norm_dy": 0.06332329
      },
      "Law": {
        "abs": 4.381402,
        "rel": 0.122366,
        "norm_dy": 0.06845941
      },
      "Phi": {
        "abs": 6.598843,
        "rel": 0.16525,
        "norm_dy": 0.10310692
      },
      "SelfRef": {
        "abs": 5.880319,
        "rel": 0.155979,
        "norm_dy": 0.09187998
      }
    },
    "12": {
      "Hexad": {
        "abs": 4.192199,
        "rel": 0.112241,
        "norm_dy": 0.06550311
      },
      "Law": {
        "abs": 4.871685,
        "rel": 0.136058,
        "norm_dy": 0.07612007
      },
      "Phi": {
        "abs": 5.944373,
        "rel": 0.148861,
        "norm_dy": 0.09288082
      },
      "SelfRef": {
        "abs": 5.65505,
        "rel": 0.150004,
        "norm_dy": 0.08836015
      }
    },
    "16": {
      "Hexad": {
        "abs": 4.319911,
        "rel": 0.115661,
        "norm_dy": 0.06749861
      },
      "Law": {
        "abs": 5.100702,
        "rel": 0.142454,
        "norm_dy": 0.07969847
      },
      "Phi": {
        "abs": 5.094061,
        "rel": 0.127567,
        "norm_dy": 0.07959471
      },
      "SelfRef": {
        "abs": 5.14078,
        "rel": 0.136363,
        "norm_dy": 0.08032469
      }
    },
    "20": {
      "Hexad": {
        "abs": 4.475098,
        "rel": 0.119816,
        "norm_dy": 0.0699234
      },
      "Law": {
        "abs": 3.824377,
        "rel": 0.106809,
        "norm_dy": 0.05975589
      },
      "Phi": {
        "abs": 4.696786,
        "rel": 0.117618,
        "norm_dy": 0.07338728
      },
      "SelfRef": {
        "abs": 4.871858,
        "rel": 0.129229,
        "norm_dy": 0.07612278
      }
    },
    "24": {
      "Hexad": {
        "abs": 3.309638,
        "rel": 0.088612,
        "norm_dy": 0.05171309
      },
      "Law": {
        "abs": 3.627367,
        "rel": 0.101307,
        "norm_dy": 0.05667762
      },
      "Phi": {
        "abs": 4.611295,
        "rel": 0.115478,
        "norm_dy": 0.07205149
      },
      "SelfRef": {
        "abs": 4.467253,
        "rel": 0.118497,
        "norm_dy": 0.06980082
      }
    },
    "28": {
      "Hexad": {
        "abs": 4.001042,
        "rel": 0.107123,
        "norm_dy": 0.06251629
      },
      "Law": {
        "abs": 3.114522,
        "rel": 0.086984,
        "norm_dy": 0.04866441
      },
      "Phi": {
        "abs": 3.970231,
        "rel": 0.099424,
        "norm_dy": 0.06203485
      },
      "SelfRef": {
        "abs": 3.58042,
        "rel": 0.094973,
        "norm_dy": 0.05594406
      }
    }
  },
  "dominant_layer_per_family": {
    "Hexad": {
      "layer": 0,
      "rel": 0.184788
    },
    "Law": {
      "layer": 0,
      "rel": 0.181255
    },
    "Phi": {
      "layer": 0,
      "rel": 0.304721
    },
    "SelfRef": {
      "layer": 0,
      "rel": 0.305161
    }
  },
  "rel_distribution": {
    "min": 0.086984,
    "max": 0.305161,
    "mean": 0.144573,
    "saturation_count": 0,
    "total_cells": 32,
    "saturation_frac": 0.0,
    "informative": true
  },
  "gate_PASS": true,
  "elapsed_sec": 63.3,
  "ts": "2026-04-27T12:31:07Z"
}