{
  "schema": "anima/cmt/3",
  "backbone": "google/gemma-2-2b",
  "mode": "v3",
  "hook_kind": "passthrough",
  "n_probes": 16,
  "n_layers": 26,
  "layer_stride": 4,
  "hidden_truncated": 128,
  "h_dim": 2304,
  "h_sqrt": 48.0,
  "ablate_target": "mlp",
  "families": [
    "Hexad",
    "Law",
    "Phi",
    "SelfRef"
  ],
  "tomography": {
    "0": {
      "Hexad": {
        "abs": 4.089753,
        "rel": 0.144584,
        "norm_dy": 0.08520319
      },
      "Law": {
        "abs": 4.874099,
        "rel": 0.164226,
        "norm_dy": 0.10154372
      },
      "Phi": {
        "abs": 5.940819,
        "rel": 0.206248,
        "norm_dy": 0.12376706
      },
      "SelfRef": {
        "abs": 4.372379,
        "rel": 0.144989,
        "norm_dy": 0.09109124
      }
    },
    "4": {
      "Hexad": {
        "abs": 1.498354,
        "rel": 0.052971,
        "norm_dy": 0.03121572
      },
      "Law": {
        "abs": 1.482836,
        "rel": 0.049962,
        "norm_dy": 0.03089241
      },
      "Phi": {
        "abs": 1.583535,
        "rel": 0.054976,
        "norm_dy": 0.03299031
      },
      "SelfRef": {
        "abs": 1.660022,
        "rel": 0.055047,
        "norm_dy": 0.03458379
      }
    },
    "8": {
      "Hexad": {
        "abs": 0.630142,
        "rel": 0.022277,
        "norm_dy": 0.01312797
      },
      "Law": {
        "abs": 1.005888,
        "rel": 0.033892,
        "norm_dy": 0.02095599
      },
      "Phi": {
        "abs": 0.962989,
        "rel": 0.033432,
        "norm_dy": 0.02006228
      },
      "SelfRef": {
        "abs": 0.849055,
        "rel": 0.028155,
        "norm_dy": 0.01768864
      }
    },
    "12": {
      "Hexad": {
        "abs": 1.108204,
        "rel": 0.039178,
        "norm_dy": 0.02308759
      },
      "Law": {
        "abs": 1.140913,
        "rel": 0.038441,
        "norm_dy": 0.02376902
      },
      "Phi": {
        "abs": 1.235336,
        "rel": 0.042887,
        "norm_dy": 0.02573617
      },
      "SelfRef": {
        "abs": 0.753854,
        "rel": 0.024998,
        "norm_dy": 0.0157053
      }
    },
    "16": {
      "Hexad": {
        "abs": 0.566715,
        "rel": 0.020035,
        "norm_dy": 0.01180656
      },
      "Law": {
        "abs": 0.825006,
        "rel": 0.027797,
        "norm_dy": 0.01718763
      },
      "Phi": {
        "abs": 0.840772,
        "rel": 0.029189,
        "norm_dy": 0.01751608
      },
      "SelfRef": {
        "abs": 0.56596,
        "rel": 0.018767,
        "norm_dy": 0.01179083
      }
    },
    "20": {
      "Hexad": {
        "abs": 2.216712,
        "rel": 0.078367,
        "norm_dy": 0.04618151
      },
      "Law": {
        "abs": 1.534181,
        "rel": 0.051692,
        "norm_dy": 0.0319621
      },
      "Phi": {
        "abs": 2.237485,
        "rel": 0.077679,
        "norm_dy": 0.04661427
      },
      "SelfRef": {
        "abs": 1.521669,
        "rel": 0.050459,
        "norm_dy": 0.03170144
      }
    },
    "24": {
      "Hexad": {
        "abs": 1.60893,
        "rel": 0.05688,
        "norm_dy": 0.03351937
      },
      "Law": {
        "abs": 1.160455,
        "rel": 0.0391,
        "norm_dy": 0.02417615
      },
      "Phi": {
        "abs": 1.275362,
        "rel": 0.044277,
        "norm_dy": 0.02657005
      },
      "SelfRef": {
        "abs": 0.978817,
        "rel": 0.032458,
        "norm_dy": 0.02039203
      }
    }
  },
  "dominant_layer_per_family": {
    "Hexad": {
      "layer": 0,
      "rel": 0.144584
    },
    "Law": {
      "layer": 0,
      "rel": 0.164226
    },
    "Phi": {
      "layer": 0,
      "rel": 0.206248
    },
    "SelfRef": {
      "layer": 0,
      "rel": 0.144989
    }
  },
  "rel_distribution": {
    "min": 0.018767,
    "max": 0.206248,
    "mean": 0.059392,
    "saturation_count": 0,
    "total_cells": 28,
    "saturation_frac": 0.0,
    "informative": true
  },
  "gate_PASS": true,
  "elapsed_sec": 44.4,
  "ts": "2026-04-27T12:30:01Z"
}