{
  "task": "F1_cycle1_xmeta3_n3",
  "device": "cpu",
  "seeds": [
    42,
    1337,
    2718
  ],
  "steps": 100,
  "results": [
    {
      "seed": 42,
      "hypothesis": "XMETA3",
      "name": "OMEGA4 + Extreme Metacognition (256 cells + L1\u2192L2\u2192L3)",
      "phi_final": 106.53392028759127,
      "total_mi": 27112.73454472874,
      "min_partition_mi": 360.8387153384401,
      "integration": 27112.73454472874,
      "complexity": 7.663641153641093,
      "elapsed_sec_internal": 379.4326231479645,
      "wallclock_sec": 379.4416399002075,
      "final_cells": 256
    },
    {
      "seed": 1337,
      "hypothesis": "XMETA3",
      "name": "OMEGA4 + Extreme Metacognition (256 cells + L1\u2192L2\u2192L3)",
      "phi_final": 111.07094512724872,
      "total_mi": 28279.476422899017,
      "min_partition_mi": 367.53366135148315,
      "integration": 28279.476422899017,
      "complexity": 6.874159345997001,
      "elapsed_sec_internal": 306.5824308395386,
      "wallclock_sec": 306.596834897995,
      "final_cells": 256
    },
    {
      "seed": 2718,
      "hypothesis": "XMETA3",
      "name": "OMEGA4 + Extreme Metacognition (256 cells + L1\u2192L2\u2192L3)",
      "phi_final": 106.52383551797773,
      "total_mi": 27090.05638190961,
      "min_partition_mi": 330.7591869839191,
      "integration": 27090.05638190961,
      "complexity": 7.7109764406621295,
      "elapsed_sec_internal": 190.1854169368744,
      "wallclock_sec": 190.19475603103638,
      "final_cells": 256
    }
  ],
  "phi_min": 106.52383551797773,
  "phi_max": 111.07094512724872,
  "phi_mean": 108.04290031093923,
  "vendor": "local-cpu",
  "cost_usd": 0.0
}